{
  "active": true,
  "name": "FREDDY",
  "fs_path": "D:\\petra\\pet_share\\FREDDY",
  "conn": {
    "driver": "DBISAM 4 ODBC Driver",
    "catalogname": "D:\\petra\\pet_share\\FREDDY\\DB"
  },
  "suite": "petra",
  "well_count": 25168,
  "wells_with_core": 1691,
  "wells_with_dst": 3085,
  "wells_with_formation": 1310,
  "wells_with_ip": 18652,
  "wells_with_perforation": 830,
  "wells_with_production": 1098,
  "wells_with_raster_log": 6672,
  "wells_with_survey": 502,
  "wells_with_vector_log": 182,
  "wells_with_zone": 975,
  "storage_epsg": 4267,
  "storage_name": "nad27",
  "display_epsg": 32025,
  "display_name": "ok-27s",
  "files": 25433,
  "directories": 80,
  "bytes": 2633216444,
  "repo_mod": "2022-09-01T14:31:56",
  "polygon": [
    [
      -97.45042000000001,
      34.27510000000001
    ],
    [
      -97.68515,
      34.289530000000006
    ],
    [
      -97.69816999999999,
      34.289550000000006
    ],
    [
      -97.70047,
      34.289550000000006
    ],
    [
      -97.70474,
      34.28956
    ],
    [
      -97.70803,
      34.289570000000005
    ],
    [
      -97.72322000000001,
      34.289590000000004
    ],
    [
      -97.73648,
      34.28954
    ],
    [
      -97.74686000000001,
      34.29001000000001
    ],
    [
      -97.8082,
      34.291790000000006
    ],
    [
      -97.86349,
      34.29229000000001
    ],
    [
      -97.88692999999999,
      34.29363000000001
    ],
    [
      -98.03272,
      34.295840000000005
    ],
    [
      -98.0878,
      34.29797000000001
    ],
    [
      -98.12749,
      34.313739999999996
    ],
    [
      -98.13811,
      34.36887
    ],
    [
      -98.13811,
      34.41965
    ],
    [
      -98.13861,
      34.46187
    ],
    [
      -98.14065000000001,
      34.525870000000005
    ],
    [
      -98.14067,
      34.52949
    ],
    [
      -98.14066000000001,
      34.53819000000001
    ],
    [
      -98.14069,
      34.56758
    ],
    [
      -98.1408,
      34.58743
    ],
    [
      -98.14069,
      34.60744
    ],
    [
      -98.14072999999999,
      34.62187
    ],
    [
      -98.14053,
      34.65283
    ],
    [
      -98.13902999999999,
      34.667750000000005
    ],
    [
      -98.13158,
      34.67644
    ],
    [
      -98.09811,
      34.68036
    ],
    [
      -98.06854,
      34.680350000000004
    ],
    [
      -97.97417,
      34.68074
    ],
    [
      -97.94140000000002,
      34.68063
    ],
    [
      -97.73481000000001,
      34.67925
    ],
    [
      -97.70156000000001,
      34.680859999999996
    ],
    [
      -97.67018999999999,
      34.680659999999996
    ],
    [
      -97.64521,
      34.68054
    ],
    [
      -97.5813,
      34.67981
    ],
    [
      -97.57799999999999,
      34.67927
    ],
    [
      -97.57025,
      34.67474
    ],
    [
      -97.56472000000001,
      34.668290000000006
    ],
    [
      -97.35237999999998,
      34.311989999999994
    ],
    [
      -97.40497,
      34.27492
    ],
    [
      -97.42785,
      34.27483
    ],
    [
      -97.44439000000001,
      34.27482
    ],
    [
      -97.45042000000001,
      34.27510000000001
    ],
    [
      -97.45042000000001,
      34.27510000000001
    ]
  ],
  "id": "FRE_E5215F"
}